[
  {
    "country": "Afghanistan",
    "code_2": "AF",
    "code_3": "AFG",
    "country_code": 4,
    "iso_3166_2": "ISO 3166-2:AF",
    "continent": "Asia",
    "sub_region": "Southern Asia",
    "region_code": 142,
    "sub_region_code": 34
  },
  {
    "country": "�land Islands",
    "code_2": "AX",
    "code_3": "ALA",
    "country_code": 248,
    "iso_3166_2": "ISO 3166-2:AX",
    "continent": "Europe",
    "sub_region": "Northern Europe",
    "region_code": 150,
    "sub_region_code": 154
  },
  {
    "country": "Albania",
    "code_2": "AL",
    "code_3": "ALB",
    "country_code": 8,
    "iso_3166_2": "ISO 3166-2:AL",
    "continent": "Europe",
    "sub_region": "Southern Europe",
    "region_code": 150,
    "sub_region_code": 39
  },
  {
    "country": "Algeria",
    "code_2": "DZ",
    "code_3": "DZA",
    "country_code": 12,
    "iso_3166_2": "ISO 3166-2:DZ",
    "continent": "Africa",
    "sub_region": "Northern Africa",
    "region_code": 2,
    "sub_region_code": 15
  },
  {
    "country": "American Samoa",
    "code_2": "AS",
    "code_3": "ASM",
    "country_code": 16,
    "iso_3166_2": "ISO 3166-2:AS",
    "continent": "Oceania",
    "sub_region": "Polynesia",
    "region_code": 9,
    "sub_region_code": 61
  },
  {
    "country": "Andorra",
    "code_2": "AD",
    "code_3": "AND",
    "country_code": 20,
    "iso_3166_2": "ISO 3166-2:AD",
    "continent": "Europe",
    "sub_region": "Southern Europe",
    "region_code": 150,
    "sub_region_code": 39
  },
  {
    "country": "Angola",
    "code_2": "AO",
    "code_3": "AGO",
    "country_code": 24,
    "iso_3166_2": "ISO 3166-2:AO",
    "continent": "Africa",
    "sub_region": "Middle Africa",
    "region_code": 2,
    "sub_region_code": 17
  },
  {
    "country": "Anguilla",
    "code_2": "AI",
    "code_3": "AIA",
    "country_code": 660,
    "iso_3166_2": "ISO 3166-2:AI",
    "continent": "Americas",
    "sub_region": "Caribbean",
    "region_code": 19,
    "sub_region_code": 29
  },
  {
    "country": "Antarctica",
    "code_2": "AQ",
    "code_3": "ATA",
    "country_code": 10,
    "iso_3166_2": "ISO 3166-2:AQ",
    "continent": "",
    "sub_region": "",
    "region_code": "",
    "sub_region_code": ""
  },
  {
    "country": "Antigua and Barbuda",
    "code_2": "AG",
    "code_3": "ATG",
    "country_code": 28,
    "iso_3166_2": "ISO 3166-2:AG",
    "continent": "Americas",
    "sub_region": "Caribbean",
    "region_code": 19,
    "sub_region_code": 29
  },
  {
    "country": "Argentina",
    "code_2": "AR",
    "code_3": "ARG",
    "country_code": 32,
    "iso_3166_2": "ISO 3166-2:AR",
    "continent": "Americas",
    "sub_region": "South America",
    "region_code": 19,
    "sub_region_code": 5
  },
  {
    "country": "Armenia",
    "code_2": "AM",
    "code_3": "ARM",
    "country_code": 51,
    "iso_3166_2": "ISO 3166-2:AM",
    "continent": "Asia",
    "sub_region": "Western Asia",
    "region_code": 142,
    "sub_region_code": 145
  },
  {
    "country": "Aruba",
    "code_2": "AW",
    "code_3": "ABW",
    "country_code": 533,
    "iso_3166_2": "ISO 3166-2:AW",
    "continent": "Americas",
    "sub_region": "Caribbean",
    "region_code": 19,
    "sub_region_code": 29
  },
  {
    "country": "Australia",
    "code_2": "AU",
    "code_3": "AUS",
    "country_code": 36,
    "iso_3166_2": "ISO 3166-2:AU",
    "continent": "Oceania",
    "sub_region": "Australia and New Zealand",
    "region_code": 9,
    "sub_region_code": 53
  },
  {
    "country": "Austria",
    "code_2": "AT",
    "code_3": "AUT",
    "country_code": 40,
    "iso_3166_2": "ISO 3166-2:AT",
    "continent": "Europe",
    "sub_region": "Western Europe",
    "region_code": 150,
    "sub_region_code": 155
  },
  {
    "country": "Azerbaijan",
    "code_2": "AZ",
    "code_3": "AZE",
    "country_code": 31,
    "iso_3166_2": "ISO 3166-2:AZ",
    "continent": "Asia",
    "sub_region": "Western Asia",
    "region_code": 142,
    "sub_region_code": 145
  },
  {
    "country": "Bahamas",
    "code_2": "BS",
    "code_3": "BHS",
    "country_code": 44,
    "iso_3166_2": "ISO 3166-2:BS",
    "continent": "Americas",
    "sub_region": "Caribbean",
    "region_code": 19,
    "sub_region_code": 29
  },
  {
    "country": "Bahrain",
    "code_2": "BH",
    "code_3": "BHR",
    "country_code": 48,
    "iso_3166_2": "ISO 3166-2:BH",
    "continent": "Asia",
    "sub_region": "Western Asia",
    "region_code": 142,
    "sub_region_code": 145
  },
  {
    "country": "Bangladesh",
    "code_2": "BD",
    "code_3": "BGD",
    "country_code": 50,
    "iso_3166_2": "ISO 3166-2:BD",
    "continent": "Asia",
    "sub_region": "Southern Asia",
    "region_code": 142,
    "sub_region_code": 34
  },
  {
    "country": "Barbados",
    "code_2": "BB",
    "code_3": "BRB",
    "country_code": 52,
    "iso_3166_2": "ISO 3166-2:BB",
    "continent": "Americas",
    "sub_region": "Caribbean",
    "region_code": 19,
    "sub_region_code": 29
  },
  {
    "country": "Belarus",
    "code_2": "BY",
    "code_3": "BLR",
    "country_code": 112,
    "iso_3166_2": "ISO 3166-2:BY",
    "continent": "Europe",
    "sub_region": "Eastern Europe",
    "region_code": 150,
    "sub_region_code": 151
  },
  {
    "country": "Belgium",
    "code_2": "BE",
    "code_3": "BEL",
    "country_code": 56,
    "iso_3166_2": "ISO 3166-2:BE",
    "continent": "Europe",
    "sub_region": "Western Europe",
    "region_code": 150,
    "sub_region_code": 155
  },
  {
    "country": "Belize",
    "code_2": "BZ",
    "code_3": "BLZ",
    "country_code": 84,
    "iso_3166_2": "ISO 3166-2:BZ",
    "continent": "Americas",
    "sub_region": "Central America",
    "region_code": 19,
    "sub_region_code": 13
  },
  {
    "country": "Benin",
    "code_2": "BJ",
    "code_3": "BEN",
    "country_code": 204,
    "iso_3166_2": "ISO 3166-2:BJ",
    "continent": "Africa",
    "sub_region": "Western Africa",
    "region_code": 2,
    "sub_region_code": 11
  },
  {
    "country": "Bermuda",
    "code_2": "BM",
    "code_3": "BMU",
    "country_code": 60,
    "iso_3166_2": "ISO 3166-2:BM",
    "continent": "Americas",
    "sub_region": "Northern America",
    "region_code": 19,
    "sub_region_code": 21
  },
  {
    "country": "Bhutan",
    "code_2": "BT",
    "code_3": "BTN",
    "country_code": 64,
    "iso_3166_2": "ISO 3166-2:BT",
    "continent": "Asia",
    "sub_region": "Southern Asia",
    "region_code": 142,
    "sub_region_code": 34
  },
  {
    "country": "Bolivia (Plurinational State of)",
    "code_2": "BO",
    "code_3": "BOL",
    "country_code": 68,
    "iso_3166_2": "ISO 3166-2:BO",
    "continent": "Americas",
    "sub_region": "South America",
    "region_code": 19,
    "sub_region_code": 5
  },
  {
    "country": "Bonaire, Sint Eustatius and Saba",
    "code_2": "BQ",
    "code_3": "BES",
    "country_code": 535,
    "iso_3166_2": "ISO 3166-2:BQ",
    "continent": "Americas",
    "sub_region": "Caribbean",
    "region_code": 19,
    "sub_region_code": 29
  },
  {
    "country": "Bosnia and Herzegovina",
    "code_2": "BA",
    "code_3": "BIH",
    "country_code": 70,
    "iso_3166_2": "ISO 3166-2:BA",
    "continent": "Europe",
    "sub_region": "Southern Europe",
    "region_code": 150,
    "sub_region_code": 39
  },
  {
    "country": "Botswana",
    "code_2": "BW",
    "code_3": "BWA",
    "country_code": 72,
    "iso_3166_2": "ISO 3166-2:BW",
    "continent": "Africa",
    "sub_region": "Southern Africa",
    "region_code": 2,
    "sub_region_code": 18
  },
  {
    "country": "Bouvet Island",
    "code_2": "BV",
    "code_3": "BVT",
    "country_code": 74,
    "iso_3166_2": "ISO 3166-2:BV",
    "continent": "",
    "sub_region": "",
    "region_code": "",
    "sub_region_code": ""
  },
  {
    "country": "Brazil",
    "code_2": "BR",
    "code_3": "BRA",
    "country_code": 76,
    "iso_3166_2": "ISO 3166-2:BR",
    "continent": "Americas",
    "sub_region": "South America",
    "region_code": 19,
    "sub_region_code": 5
  },
  {
    "country": "British Indian Ocean Territory",
    "code_2": "IO",
    "code_3": "IOT",
    "country_code": 86,
    "iso_3166_2": "ISO 3166-2:IO",
    "continent": "",
    "sub_region": "",
    "region_code": "",
    "sub_region_code": ""
  },
  {
    "country": "Brunei Darussalam",
    "code_2": "BN",
    "code_3": "BRN",
    "country_code": 96,
    "iso_3166_2": "ISO 3166-2:BN",
    "continent": "Asia",
    "sub_region": "South-Eastern Asia",
    "region_code": 142,
    "sub_region_code": 35
  },
  {
    "country": "Bulgaria",
    "code_2": "BG",
    "code_3": "BGR",
    "country_code": 100,
    "iso_3166_2": "ISO 3166-2:BG",
    "continent": "Europe",
    "sub_region": "Eastern Europe",
    "region_code": 150,
    "sub_region_code": 151
  },
  {
    "country": "Burkina Faso",
    "code_2": "BF",
    "code_3": "BFA",
    "country_code": 854,
    "iso_3166_2": "ISO 3166-2:BF",
    "continent": "Africa",
    "sub_region": "Western Africa",
    "region_code": 2,
    "sub_region_code": 11
  },
  {
    "country": "Burundi",
    "code_2": "BI",
    "code_3": "BDI",
    "country_code": 108,
    "iso_3166_2": "ISO 3166-2:BI",
    "continent": "Africa",
    "sub_region": "Eastern Africa",
    "region_code": 2,
    "sub_region_code": 14
  },
  {
    "country": "Cambodia",
    "code_2": "KH",
    "code_3": "KHM",
    "country_code": 116,
    "iso_3166_2": "ISO 3166-2:KH",
    "continent": "Asia",
    "sub_region": "South-Eastern Asia",
    "region_code": 142,
    "sub_region_code": 35
  },
  {
    "country": "Cameroon",
    "code_2": "CM",
    "code_3": "CMR",
    "country_code": 120,
    "iso_3166_2": "ISO 3166-2:CM",
    "continent": "Africa",
    "sub_region": "Middle Africa",
    "region_code": 2,
    "sub_region_code": 17
  },
  {
    "country": "Canada",
    "code_2": "CA",
    "code_3": "CAN",
    "country_code": 124,
    "iso_3166_2": "ISO 3166-2:CA",
    "continent": "Americas",
    "sub_region": "Northern America",
    "region_code": 19,
    "sub_region_code": 21
  },
  {
    "country": "Cabo Verde",
    "code_2": "CV",
    "code_3": "CPV",
    "country_code": 132,
    "iso_3166_2": "ISO 3166-2:CV",
    "continent": "Africa",
    "sub_region": "Western Africa",
    "region_code": 2,
    "sub_region_code": 11
  },
  {
    "country": "Cayman Islands",
    "code_2": "KY",
    "code_3": "CYM",
    "country_code": 136,
    "iso_3166_2": "ISO 3166-2:KY",
    "continent": "Americas",
    "sub_region": "Caribbean",
    "region_code": 19,
    "sub_region_code": 29
  },
  {
    "country": "Central African Republic",
    "code_2": "CF",
    "code_3": "CAF",
    "country_code": 140,
    "iso_3166_2": "ISO 3166-2:CF",
    "continent": "Africa",
    "sub_region": "Middle Africa",
    "region_code": 2,
    "sub_region_code": 17
  },
  {
    "country": "Chad",
    "code_2": "TD",
    "code_3": "TCD",
    "country_code": 148,
    "iso_3166_2": "ISO 3166-2:TD",
    "continent": "Africa",
    "sub_region": "Middle Africa",
    "region_code": 2,
    "sub_region_code": 17
  },
  {
    "country": "Chile",
    "code_2": "CL",
    "code_3": "CHL",
    "country_code": 152,
    "iso_3166_2": "ISO 3166-2:CL",
    "continent": "Americas",
    "sub_region": "South America",
    "region_code": 19,
    "sub_region_code": 5
  },
  {
    "country": "China",
    "code_2": "CN",
    "code_3": "CHN",
    "country_code": 156,
    "iso_3166_2": "ISO 3166-2:CN",
    "continent": "Asia",
    "sub_region": "Eastern Asia",
    "region_code": 142,
    "sub_region_code": 30
  },
  {
    "country": "Christmas Island",
    "code_2": "CX",
    "code_3": "CXR",
    "country_code": 162,
    "iso_3166_2": "ISO 3166-2:CX",
    "continent": "",
    "sub_region": "",
    "region_code": "",
    "sub_region_code": ""
  },
  {
    "country": "Cocos (Keeling) Islands",
    "code_2": "CC",
    "code_3": "CCK",
    "country_code": 166,
    "iso_3166_2": "ISO 3166-2:CC",
    "continent": "",
    "sub_region": "",
    "region_code": "",
    "sub_region_code": ""
  },
  {
    "country": "Colombia",
    "code_2": "CO",
    "code_3": "COL",
    "country_code": 170,
    "iso_3166_2": "ISO 3166-2:CO",
    "continent": "Americas",
    "sub_region": "South America",
    "region_code": 19,
    "sub_region_code": 5
  },
  {
    "country": "Comoros",
    "code_2": "KM",
    "code_3": "COM",
    "country_code": 174,
    "iso_3166_2": "ISO 3166-2:KM",
    "continent": "Africa",
    "sub_region": "Eastern Africa",
    "region_code": 2,
    "sub_region_code": 14
  },
  {
    "country": "Congo",
    "code_2": "CG",
    "code_3": "COG",
    "country_code": 178,
    "iso_3166_2": "ISO 3166-2:CG",
    "continent": "Africa",
    "sub_region": "Middle Africa",
    "region_code": 2,
    "sub_region_code": 17
  },
  {
    "country": "Congo (Democratic Republic of the)",
    "code_2": "CD",
    "code_3": "COD",
    "country_code": 180,
    "iso_3166_2": "ISO 3166-2:CD",
    "continent": "Africa",
    "sub_region": "Middle Africa",
    "region_code": 2,
    "sub_region_code": 17
  },
  {
    "country": "Cook Islands",
    "code_2": "CK",
    "code_3": "COK",
    "country_code": 184,
    "iso_3166_2": "ISO 3166-2:CK",
    "continent": "Oceania",
    "sub_region": "Polynesia",
    "region_code": 9,
    "sub_region_code": 61
  },
  {
    "country": "Costa Rica",
    "code_2": "CR",
    "code_3": "CRI",
    "country_code": 188,
    "iso_3166_2": "ISO 3166-2:CR",
    "continent": "Americas",
    "sub_region": "Central America",
    "region_code": 19,
    "sub_region_code": 13
  },
  {
    "country": "C�te d'Ivoire",
    "code_2": "CI",
    "code_3": "CIV",
    "country_code": 384,
    "iso_3166_2": "ISO 3166-2:CI",
    "continent": "Africa",
    "sub_region": "Western Africa",
    "region_code": 2,
    "sub_region_code": 11
  },
  {
    "country": "Croatia",
    "code_2": "HR",
    "code_3": "HRV",
    "country_code": 191,
    "iso_3166_2": "ISO 3166-2:HR",
    "continent": "Europe",
    "sub_region": "Southern Europe",
    "region_code": 150,
    "sub_region_code": 39
  },
  {
    "country": "Cuba",
    "code_2": "CU",
    "code_3": "CUB",
    "country_code": 192,
    "iso_3166_2": "ISO 3166-2:CU",
    "continent": "Americas",
    "sub_region": "Caribbean",
    "region_code": 19,
    "sub_region_code": 29
  },
  {
    "country": "Cura�ao",
    "code_2": "CW",
    "code_3": "CUW",
    "country_code": 531,
    "iso_3166_2": "ISO 3166-2:CW",
    "continent": "Americas",
    "sub_region": "Caribbean",
    "region_code": 19,
    "sub_region_code": 29
  },
  {
    "country": "Cyprus",
    "code_2": "CY",
    "code_3": "CYP",
    "country_code": 196,
    "iso_3166_2": "ISO 3166-2:CY",
    "continent": "Asia",
    "sub_region": "Western Asia",
    "region_code": 142,
    "sub_region_code": 145
  },
  {
    "country": "Czech Republic",
    "code_2": "CZ",
    "code_3": "CZE",
    "country_code": 203,
    "iso_3166_2": "ISO 3166-2:CZ",
    "continent": "Europe",
    "sub_region": "Eastern Europe",
    "region_code": 150,
    "sub_region_code": 151
  },
  {
    "country": "Denmark",
    "code_2": "DK",
    "code_3": "DNK",
    "country_code": 208,
    "iso_3166_2": "ISO 3166-2:DK",
    "continent": "Europe",
    "sub_region": "Northern Europe",
    "region_code": 150,
    "sub_region_code": 154
  },
  {
    "country": "Djibouti",
    "code_2": "DJ",
    "code_3": "DJI",
    "country_code": 262,
    "iso_3166_2": "ISO 3166-2:DJ",
    "continent": "Africa",
    "sub_region": "Eastern Africa",
    "region_code": 2,
    "sub_region_code": 14
  },
  {
    "country": "Dominica",
    "code_2": "DM",
    "code_3": "DMA",
    "country_code": 212,
    "iso_3166_2": "ISO 3166-2:DM",
    "continent": "Americas",
    "sub_region": "Caribbean",
    "region_code": 19,
    "sub_region_code": 29
  },
  {
    "country": "Dominican Republic",
    "code_2": "DO",
    "code_3": "DOM",
    "country_code": 214,
    "iso_3166_2": "ISO 3166-2:DO",
    "continent": "Americas",
    "sub_region": "Caribbean",
    "region_code": 19,
    "sub_region_code": 29
  },
  {
    "country": "Ecuador",
    "code_2": "EC",
    "code_3": "ECU",
    "country_code": 218,
    "iso_3166_2": "ISO 3166-2:EC",
    "continent": "Americas",
    "sub_region": "South America",
    "region_code": 19,
    "sub_region_code": 5
  },
  {
    "country": "Egypt",
    "code_2": "EG",
    "code_3": "EGY",
    "country_code": 818,
    "iso_3166_2": "ISO 3166-2:EG",
    "continent": "Africa",
    "sub_region": "Northern Africa",
    "region_code": 2,
    "sub_region_code": 15
  },
  {
    "country": "El Salvador",
    "code_2": "SV",
    "code_3": "SLV",
    "country_code": 222,
    "iso_3166_2": "ISO 3166-2:SV",
    "continent": "Americas",
    "sub_region": "Central America",
    "region_code": 19,
    "sub_region_code": 13
  },
  {
    "country": "Equatorial Guinea",
    "code_2": "GQ",
    "code_3": "GNQ",
    "country_code": 226,
    "iso_3166_2": "ISO 3166-2:GQ",
    "continent": "Africa",
    "sub_region": "Middle Africa",
    "region_code": 2,
    "sub_region_code": 17
  },
  {
    "country": "Eritrea",
    "code_2": "ER",
    "code_3": "ERI",
    "country_code": 232,
    "iso_3166_2": "ISO 3166-2:ER",
    "continent": "Africa",
    "sub_region": "Eastern Africa",
    "region_code": 2,
    "sub_region_code": 14
  },
  {
    "country": "Estonia",
    "code_2": "EE",
    "code_3": "EST",
    "country_code": 233,
    "iso_3166_2": "ISO 3166-2:EE",
    "continent": "Europe",
    "sub_region": "Northern Europe",
    "region_code": 150,
    "sub_region_code": 154
  },
  {
    "country": "Ethiopia",
    "code_2": "ET",
    "code_3": "ETH",
    "country_code": 231,
    "iso_3166_2": "ISO 3166-2:ET",
    "continent": "Africa",
    "sub_region": "Eastern Africa",
    "region_code": 2,
    "sub_region_code": 14
  },
  {
    "country": "Falkland Islands (Malvinas)",
    "code_2": "FK",
    "code_3": "FLK",
    "country_code": 238,
    "iso_3166_2": "ISO 3166-2:FK",
    "continent": "Americas",
    "sub_region": "South America",
    "region_code": 19,
    "sub_region_code": 5
  },
  {
    "country": "Faroe Islands",
    "code_2": "FO",
    "code_3": "FRO",
    "country_code": 234,
    "iso_3166_2": "ISO 3166-2:FO",
    "continent": "Europe",
    "sub_region": "Northern Europe",
    "region_code": 150,
    "sub_region_code": 154
  },
  {
    "country": "Fiji",
    "code_2": "FJ",
    "code_3": "FJI",
    "country_code": 242,
    "iso_3166_2": "ISO 3166-2:FJ",
    "continent": "Oceania",
    "sub_region": "Melanesia",
    "region_code": 9,
    "sub_region_code": 54
  },
  {
    "country": "Finland",
    "code_2": "FI",
    "code_3": "FIN",
    "country_code": 246,
    "iso_3166_2": "ISO 3166-2:FI",
    "continent": "Europe",
    "sub_region": "Northern Europe",
    "region_code": 150,
    "sub_region_code": 154
  },
  {
    "country": "France",
    "code_2": "FR",
    "code_3": "FRA",
    "country_code": 250,
    "iso_3166_2": "ISO 3166-2:FR",
    "continent": "Europe",
    "sub_region": "Western Europe",
    "region_code": 150,
    "sub_region_code": 155
  },
  {
    "country": "French Guiana",
    "code_2": "GF",
    "code_3": "GUF",
    "country_code": 254,
    "iso_3166_2": "ISO 3166-2:GF",
    "continent": "Americas",
    "sub_region": "South America",
    "region_code": 19,
    "sub_region_code": 5
  },
  {
    "country": "French Polynesia",
    "code_2": "PF",
    "code_3": "PYF",
    "country_code": 258,
    "iso_3166_2": "ISO 3166-2:PF",
    "continent": "Oceania",
    "sub_region": "Polynesia",
    "region_code": 9,
    "sub_region_code": 61
  },
  {
    "country": "French Southern Territories",
    "code_2": "TF",
    "code_3": "ATF",
    "country_code": 260,
    "iso_3166_2": "ISO 3166-2:TF",
    "continent": "",
    "sub_region": "",
    "region_code": "",
    "sub_region_code": ""
  },
  {
    "country": "Gabon",
    "code_2": "GA",
    "code_3": "GAB",
    "country_code": 266,
    "iso_3166_2": "ISO 3166-2:GA",
    "continent": "Africa",
    "sub_region": "Middle Africa",
    "region_code": 2,
    "sub_region_code": 17
  },
  {
    "country": "Gambia",
    "code_2": "GM",
    "code_3": "GMB",
    "country_code": 270,
    "iso_3166_2": "ISO 3166-2:GM",
    "continent": "Africa",
    "sub_region": "Western Africa",
    "region_code": 2,
    "sub_region_code": 11
  },
  {
    "country": "Georgia",
    "code_2": "GE",
    "code_3": "GEO",
    "country_code": 268,
    "iso_3166_2": "ISO 3166-2:GE",
    "continent": "Asia",
    "sub_region": "Western Asia",
    "region_code": 142,
    "sub_region_code": 145
  },
  {
    "country": "Germany",
    "code_2": "DE",
    "code_3": "DEU",
    "country_code": 276,
    "iso_3166_2": "ISO 3166-2:DE",
    "continent": "Europe",
    "sub_region": "Western Europe",
    "region_code": 150,
    "sub_region_code": 155
  },
  {
    "country": "Ghana",
    "code_2": "GH",
    "code_3": "GHA",
    "country_code": 288,
    "iso_3166_2": "ISO 3166-2:GH",
    "continent": "Africa",
    "sub_region": "Western Africa",
    "region_code": 2,
    "sub_region_code": 11
  },
  {
    "country": "Gibraltar",
    "code_2": "GI",
    "code_3": "GIB",
    "country_code": 292,
    "iso_3166_2": "ISO 3166-2:GI",
    "continent": "Europe",
    "sub_region": "Southern Europe",
    "region_code": 150,
    "sub_region_code": 39
  },
  {
    "country": "Greece",
    "code_2": "GR",
    "code_3": "GRC",
    "country_code": 300,
    "iso_3166_2": "ISO 3166-2:GR",
    "continent": "Europe",
    "sub_region": "Southern Europe",
    "region_code": 150,
    "sub_region_code": 39
  },
  {
    "country": "Greenland",
    "code_2": "GL",
    "code_3": "GRL",
    "country_code": 304,
    "iso_3166_2": "ISO 3166-2:GL",
    "continent": "Americas",
    "sub_region": "Northern America",
    "region_code": 19,
    "sub_region_code": 21
  },
  {
    "country": "Grenada",
    "code_2": "GD",
    "code_3": "GRD",
    "country_code": 308,
    "iso_3166_2": "ISO 3166-2:GD",
    "continent": "Americas",
    "sub_region": "Caribbean",
    "region_code": 19,
    "sub_region_code": 29
  },
  {
    "country": "Guadeloupe",
    "code_2": "GP",
    "code_3": "GLP",
    "country_code": 312,
    "iso_3166_2": "ISO 3166-2:GP",
    "continent": "Americas",
    "sub_region": "Caribbean",
    "region_code": 19,
    "sub_region_code": 29
  },
  {
    "country": "Guam",
    "code_2": "GU",
    "code_3": "GUM",
    "country_code": 316,
    "iso_3166_2": "ISO 3166-2:GU",
    "continent": "Oceania",
    "sub_region": "Micronesia",
    "region_code": 9,
    "sub_region_code": 57
  },
  {
    "country": "Guatemala",
    "code_2": "GT",
    "code_3": "GTM",
    "country_code": 320,
    "iso_3166_2": "ISO 3166-2:GT",
    "continent": "Americas",
    "sub_region": "Central America",
    "region_code": 19,
    "sub_region_code": 13
  },
  {
    "country": "Guernsey",
    "code_2": "GG",
    "code_3": "GGY",
    "country_code": 831,
    "iso_3166_2": "ISO 3166-2:GG",
    "continent": "Europe",
    "sub_region": "Northern Europe",
    "region_code": 150,
    "sub_region_code": 154
  },
  {
    "country": "Guinea",
    "code_2": "GN",
    "code_3": "GIN",
    "country_code": 324,
    "iso_3166_2": "ISO 3166-2:GN",
    "continent": "Africa",
    "sub_region": "Western Africa",
    "region_code": 2,
    "sub_region_code": 11
  },
  {
    "country": "Guinea-Bissau",
    "code_2": "GW",
    "code_3": "GNB",
    "country_code": 624,
    "iso_3166_2": "ISO 3166-2:GW",
    "continent": "Africa",
    "sub_region": "Western Africa",
    "region_code": 2,
    "sub_region_code": 11
  },
  {
    "country": "Guyana",
    "code_2": "GY",
    "code_3": "GUY",
    "country_code": 328,
    "iso_3166_2": "ISO 3166-2:GY",
    "continent": "Americas",
    "sub_region": "South America",
    "region_code": 19,
    "sub_region_code": 5
  },
  {
    "country": "Haiti",
    "code_2": "HT",
    "code_3": "HTI",
    "country_code": 332,
    "iso_3166_2": "ISO 3166-2:HT",
    "continent": "Americas",
    "sub_region": "Caribbean",
    "region_code": 19,
    "sub_region_code": 29
  },
  {
    "country": "Heard Island and McDonald Islands",
    "code_2": "HM",
    "code_3": "HMD",
    "country_code": 334,
    "iso_3166_2": "ISO 3166-2:HM",
    "continent": "",
    "sub_region": "",
    "region_code": "",
    "sub_region_code": ""
  },
  {
    "country": "Holy See",
    "code_2": "VA",
    "code_3": "VAT",
    "country_code": 336,
    "iso_3166_2": "ISO 3166-2:VA",
    "continent": "Europe",
    "sub_region": "Southern Europe",
    "region_code": 150,
    "sub_region_code": 39
  },
  {
    "country": "Honduras",
    "code_2": "HN",
    "code_3": "HND",
    "country_code": 340,
    "iso_3166_2": "ISO 3166-2:HN",
    "continent": "Americas",
    "sub_region": "Central America",
    "region_code": 19,
    "sub_region_code": 13
  },
  {
    "country": "Hong Kong",
    "code_2": "HK",
    "code_3": "HKG",
    "country_code": 344,
    "iso_3166_2": "ISO 3166-2:HK",
    "continent": "Asia",
    "sub_region": "Eastern Asia",
    "region_code": 142,
    "sub_region_code": 30
  },
  {
    "country": "Hungary",
    "code_2": "HU",
    "code_3": "HUN",
    "country_code": 348,
    "iso_3166_2": "ISO 3166-2:HU",
    "continent": "Europe",
    "sub_region": "Eastern Europe",
    "region_code": 150,
    "sub_region_code": 151
  },
  {
    "country": "Iceland",
    "code_2": "IS",
    "code_3": "ISL",
    "country_code": 352,
    "iso_3166_2": "ISO 3166-2:IS",
    "continent": "Europe",
    "sub_region": "Northern Europe",
    "region_code": 150,
    "sub_region_code": 154
  },
  {
    "country": "India",
    "code_2": "IN",
    "code_3": "IND",
    "country_code": 356,
    "iso_3166_2": "ISO 3166-2:IN",
    "continent": "Asia",
    "sub_region": "Southern Asia",
    "region_code": 142,
    "sub_region_code": 34
  },
  {
    "country": "Indonesia",
    "code_2": "ID",
    "code_3": "IDN",
    "country_code": 360,
    "iso_3166_2": "ISO 3166-2:ID",
    "continent": "Asia",
    "sub_region": "South-Eastern Asia",
    "region_code": 142,
    "sub_region_code": 35
  },
  {
    "country": "Iran (Islamic Republic of)",
    "code_2": "IR",
    "code_3": "IRN",
    "country_code": 364,
    "iso_3166_2": "ISO 3166-2:IR",
    "continent": "Asia",
    "sub_region": "Southern Asia",
    "region_code": 142,
    "sub_region_code": 34
  },
  {
    "country": "Iraq",
    "code_2": "IQ",
    "code_3": "IRQ",
    "country_code": 368,
    "iso_3166_2": "ISO 3166-2:IQ",
    "continent": "Asia",
    "sub_region": "Western Asia",
    "region_code": 142,
    "sub_region_code": 145
  },
  {
    "country": "Ireland",
    "code_2": "IE",
    "code_3": "IRL",
    "country_code": 372,
    "iso_3166_2": "ISO 3166-2:IE",
    "continent": "Europe",
    "sub_region": "Northern Europe",
    "region_code": 150,
    "sub_region_code": 154
  },
  {
    "country": "Isle of Man",
    "code_2": "IM",
    "code_3": "IMN",
    "country_code": 833,
    "iso_3166_2": "ISO 3166-2:IM",
    "continent": "Europe",
    "sub_region": "Northern Europe",
    "region_code": 150,
    "sub_region_code": 154
  },
  {
    "country": "Israel",
    "code_2": "IL",
    "code_3": "ISR",
    "country_code": 376,
    "iso_3166_2": "ISO 3166-2:IL",
    "continent": "Asia",
    "sub_region": "Western Asia",
    "region_code": 142,
    "sub_region_code": 145
  },
  {
    "country": "Italy",
    "code_2": "IT",
    "code_3": "ITA",
    "country_code": 380,
    "iso_3166_2": "ISO 3166-2:IT",
    "continent": "Europe",
    "sub_region": "Southern Europe",
    "region_code": 150,
    "sub_region_code": 39
  },
  {
    "country": "Jamaica",
    "code_2": "JM",
    "code_3": "JAM",
    "country_code": 388,
    "iso_3166_2": "ISO 3166-2:JM",
    "continent": "Americas",
    "sub_region": "Caribbean",
    "region_code": 19,
    "sub_region_code": 29
  },
  {
    "country": "Japan",
    "code_2": "JP",
    "code_3": "JPN",
    "country_code": 392,
    "iso_3166_2": "ISO 3166-2:JP",
    "continent": "Asia",
    "sub_region": "Eastern Asia",
    "region_code": 142,
    "sub_region_code": 30
  },
  {
    "country": "Jersey",
    "code_2": "JE",
    "code_3": "JEY",
    "country_code": 832,
    "iso_3166_2": "ISO 3166-2:JE",
    "continent": "Europe",
    "sub_region": "Northern Europe",
    "region_code": 150,
    "sub_region_code": 154
  },
  {
    "country": "Jordan",
    "code_2": "JO",
    "code_3": "JOR",
    "country_code": 400,
    "iso_3166_2": "ISO 3166-2:JO",
    "continent": "Asia",
    "sub_region": "Western Asia",
    "region_code": 142,
    "sub_region_code": 145
  },
  {
    "country": "Kazakhstan",
    "code_2": "KZ",
    "code_3": "KAZ",
    "country_code": 398,
    "iso_3166_2": "ISO 3166-2:KZ",
    "continent": "Asia",
    "sub_region": "Central Asia",
    "region_code": 142,
    "sub_region_code": 143
  },
  {
    "country": "Kenya",
    "code_2": "KE",
    "code_3": "KEN",
    "country_code": 404,
    "iso_3166_2": "ISO 3166-2:KE",
    "continent": "Africa",
    "sub_region": "Eastern Africa",
    "region_code": 2,
    "sub_region_code": 14
  },
  {
    "country": "Kiribati",
    "code_2": "KI",
    "code_3": "KIR",
    "country_code": 296,
    "iso_3166_2": "ISO 3166-2:KI",
    "continent": "Oceania",
    "sub_region": "Micronesia",
    "region_code": 9,
    "sub_region_code": 57
  },
  {
    "country": "Korea (Democratic People's Republic of)",
    "code_2": "KP",
    "code_3": "PRK",
    "country_code": 408,
    "iso_3166_2": "ISO 3166-2:KP",
    "continent": "Asia",
    "sub_region": "Eastern Asia",
    "region_code": 142,
    "sub_region_code": 30
  },
  {
    "country": "Korea (Republic of)",
    "code_2": "KR",
    "code_3": "KOR",
    "country_code": 410,
    "iso_3166_2": "ISO 3166-2:KR",
    "continent": "Asia",
    "sub_region": "Eastern Asia",
    "region_code": 142,
    "sub_region_code": 30
  },
  {
    "country": "Kuwait",
    "code_2": "KW",
    "code_3": "KWT",
    "country_code": 414,
    "iso_3166_2": "ISO 3166-2:KW",
    "continent": "Asia",
    "sub_region": "Western Asia",
    "region_code": 142,
    "sub_region_code": 145
  },
  {
    "country": "Kyrgyzstan",
    "code_2": "KG",
    "code_3": "KGZ",
    "country_code": 417,
    "iso_3166_2": "ISO 3166-2:KG",
    "continent": "Asia",
    "sub_region": "Central Asia",
    "region_code": 142,
    "sub_region_code": 143
  },
  {
    "country": "Lao People's Democratic Republic",
    "code_2": "LA",
    "code_3": "LAO",
    "country_code": 418,
    "iso_3166_2": "ISO 3166-2:LA",
    "continent": "Asia",
    "sub_region": "South-Eastern Asia",
    "region_code": 142,
    "sub_region_code": 35
  },
  {
    "country": "Latvia",
    "code_2": "LV",
    "code_3": "LVA",
    "country_code": 428,
    "iso_3166_2": "ISO 3166-2:LV",
    "continent": "Europe",
    "sub_region": "Northern Europe",
    "region_code": 150,
    "sub_region_code": 154
  },
  {
    "country": "Lebanon",
    "code_2": "LB",
    "code_3": "LBN",
    "country_code": 422,
    "iso_3166_2": "ISO 3166-2:LB",
    "continent": "Asia",
    "sub_region": "Western Asia",
    "region_code": 142,
    "sub_region_code": 145
  },
  {
    "country": "Lesotho",
    "code_2": "LS",
    "code_3": "LSO",
    "country_code": 426,
    "iso_3166_2": "ISO 3166-2:LS",
    "continent": "Africa",
    "sub_region": "Southern Africa",
    "region_code": 2,
    "sub_region_code": 18
  },
  {
    "country": "Liberia",
    "code_2": "LR",
    "code_3": "LBR",
    "country_code": 430,
    "iso_3166_2": "ISO 3166-2:LR",
    "continent": "Africa",
    "sub_region": "Western Africa",
    "region_code": 2,
    "sub_region_code": 11
  },
  {
    "country": "Libya",
    "code_2": "LY",
    "code_3": "LBY",
    "country_code": 434,
    "iso_3166_2": "ISO 3166-2:LY",
    "continent": "Africa",
    "sub_region": "Northern Africa",
    "region_code": 2,
    "sub_region_code": 15
  },
  {
    "country": "Liechtenstein",
    "code_2": "LI",
    "code_3": "LIE",
    "country_code": 438,
    "iso_3166_2": "ISO 3166-2:LI",
    "continent": "Europe",
    "sub_region": "Western Europe",
    "region_code": 150,
    "sub_region_code": 155
  },
  {
    "country": "Lithuania",
    "code_2": "LT",
    "code_3": "LTU",
    "country_code": 440,
    "iso_3166_2": "ISO 3166-2:LT",
    "continent": "Europe",
    "sub_region": "Northern Europe",
    "region_code": 150,
    "sub_region_code": 154
  },
  {
    "country": "Luxembourg",
    "code_2": "LU",
    "code_3": "LUX",
    "country_code": 442,
    "iso_3166_2": "ISO 3166-2:LU",
    "continent": "Europe",
    "sub_region": "Western Europe",
    "region_code": 150,
    "sub_region_code": 155
  },
  {
    "country": "Macao",
    "code_2": "MO",
    "code_3": "MAC",
    "country_code": 446,
    "iso_3166_2": "ISO 3166-2:MO",
    "continent": "Asia",
    "sub_region": "Eastern Asia",
    "region_code": 142,
    "sub_region_code": 30
  },
  {
    "country": "Macedonia (the former Yugoslav Republic of)",
    "code_2": "MK",
    "code_3": "MKD",
    "country_code": 807,
    "iso_3166_2": "ISO 3166-2:MK",
    "continent": "Europe",
    "sub_region": "Southern Europe",
    "region_code": 150,
    "sub_region_code": 39
  },
  {
    "country": "Madagascar",
    "code_2": "MG",
    "code_3": "MDG",
    "country_code": 450,
    "iso_3166_2": "ISO 3166-2:MG",
    "continent": "Africa",
    "sub_region": "Eastern Africa",
    "region_code": 2,
    "sub_region_code": 14
  },
  {
    "country": "Malawi",
    "code_2": "MW",
    "code_3": "MWI",
    "country_code": 454,
    "iso_3166_2": "ISO 3166-2:MW",
    "continent": "Africa",
    "sub_region": "Eastern Africa",
    "region_code": 2,
    "sub_region_code": 14
  },
  {
    "country": "Malaysia",
    "code_2": "MY",
    "code_3": "MYS",
    "country_code": 458,
    "iso_3166_2": "ISO 3166-2:MY",
    "continent": "Asia",
    "sub_region": "South-Eastern Asia",
    "region_code": 142,
    "sub_region_code": 35
  },
  {
    "country": "Maldives",
    "code_2": "MV",
    "code_3": "MDV",
    "country_code": 462,
    "iso_3166_2": "ISO 3166-2:MV",
    "continent": "Asia",
    "sub_region": "Southern Asia",
    "region_code": 142,
    "sub_region_code": 34
  },
  {
    "country": "Mali",
    "code_2": "ML",
    "code_3": "MLI",
    "country_code": 466,
    "iso_3166_2": "ISO 3166-2:ML",
    "continent": "Africa",
    "sub_region": "Western Africa",
    "region_code": 2,
    "sub_region_code": 11
  },
  {
    "country": "Malta",
    "code_2": "MT",
    "code_3": "MLT",
    "country_code": 470,
    "iso_3166_2": "ISO 3166-2:MT",
    "continent": "Europe",
    "sub_region": "Southern Europe",
    "region_code": 150,
    "sub_region_code": 39
  },
  {
    "country": "Marshall Islands",
    "code_2": "MH",
    "code_3": "MHL",
    "country_code": 584,
    "iso_3166_2": "ISO 3166-2:MH",
    "continent": "Oceania",
    "sub_region": "Micronesia",
    "region_code": 9,
    "sub_region_code": 57
  },
  {
    "country": "Martinique",
    "code_2": "MQ",
    "code_3": "MTQ",
    "country_code": 474,
    "iso_3166_2": "ISO 3166-2:MQ",
    "continent": "Americas",
    "sub_region": "Caribbean",
    "region_code": 19,
    "sub_region_code": 29
  },
  {
    "country": "Mauritania",
    "code_2": "MR",
    "code_3": "MRT",
    "country_code": 478,
    "iso_3166_2": "ISO 3166-2:MR",
    "continent": "Africa",
    "sub_region": "Western Africa",
    "region_code": 2,
    "sub_region_code": 11
  },
  {
    "country": "Mauritius",
    "code_2": "MU",
    "code_3": "MUS",
    "country_code": 480,
    "iso_3166_2": "ISO 3166-2:MU",
    "continent": "Africa",
    "sub_region": "Eastern Africa",
    "region_code": 2,
    "sub_region_code": 14
  },
  {
    "country": "Mayotte",
    "code_2": "YT",
    "code_3": "MYT",
    "country_code": 175,
    "iso_3166_2": "ISO 3166-2:YT",
    "continent": "Africa",
    "sub_region": "Eastern Africa",
    "region_code": 2,
    "sub_region_code": 14
  },
  {
    "country": "Mexico",
    "code_2": "MX",
    "code_3": "MEX",
    "country_code": 484,
    "iso_3166_2": "ISO 3166-2:MX",
    "continent": "Americas",
    "sub_region": "Central America",
    "region_code": 19,
    "sub_region_code": 13
  },
  {
    "country": "Micronesia (Federated States of)",
    "code_2": "FM",
    "code_3": "FSM",
    "country_code": 583,
    "iso_3166_2": "ISO 3166-2:FM",
    "continent": "Oceania",
    "sub_region": "Micronesia",
    "region_code": 9,
    "sub_region_code": 57
  },
  {
    "country": "Moldova (Republic of)",
    "code_2": "MD",
    "code_3": "MDA",
    "country_code": 498,
    "iso_3166_2": "ISO 3166-2:MD",
    "continent": "Europe",
    "sub_region": "Eastern Europe",
    "region_code": 150,
    "sub_region_code": 151
  },
  {
    "country": "Monaco",
    "code_2": "MC",
    "code_3": "MCO",
    "country_code": 492,
    "iso_3166_2": "ISO 3166-2:MC",
    "continent": "Europe",
    "sub_region": "Western Europe",
    "region_code": 150,
    "sub_region_code": 155
  },
  {
    "country": "Mongolia",
    "code_2": "MN",
    "code_3": "MNG",
    "country_code": 496,
    "iso_3166_2": "ISO 3166-2:MN",
    "continent": "Asia",
    "sub_region": "Eastern Asia",
    "region_code": 142,
    "sub_region_code": 30
  },
  {
    "country": "Montenegro",
    "code_2": "ME",
    "code_3": "MNE",
    "country_code": 499,
    "iso_3166_2": "ISO 3166-2:ME",
    "continent": "Europe",
    "sub_region": "Southern Europe",
    "region_code": 150,
    "sub_region_code": 39
  },
  {
    "country": "Montserrat",
    "code_2": "MS",
    "code_3": "MSR",
    "country_code": 500,
    "iso_3166_2": "ISO 3166-2:MS",
    "continent": "Americas",
    "sub_region": "Caribbean",
    "region_code": 19,
    "sub_region_code": 29
  },
  {
    "country": "Morocco",
    "code_2": "MA",
    "code_3": "MAR",
    "country_code": 504,
    "iso_3166_2": "ISO 3166-2:MA",
    "continent": "Africa",
    "sub_region": "Northern Africa",
    "region_code": 2,
    "sub_region_code": 15
  },
  {
    "country": "Mozambique",
    "code_2": "MZ",
    "code_3": "MOZ",
    "country_code": 508,
    "iso_3166_2": "ISO 3166-2:MZ",
    "continent": "Africa",
    "sub_region": "Eastern Africa",
    "region_code": 2,
    "sub_region_code": 14
  },
  {
    "country": "Myanmar",
    "code_2": "MM",
    "code_3": "MMR",
    "country_code": 104,
    "iso_3166_2": "ISO 3166-2:MM",
    "continent": "Asia",
    "sub_region": "South-Eastern Asia",
    "region_code": 142,
    "sub_region_code": 35
  },
  {
    "country": "Namibia",
    "code_2": "NA",
    "code_3": "NAM",
    "country_code": 516,
    "iso_3166_2": "ISO 3166-2:NA",
    "continent": "Africa",
    "sub_region": "Southern Africa",
    "region_code": 2,
    "sub_region_code": 18
  },
  {
    "country": "Nauru",
    "code_2": "NR",
    "code_3": "NRU",
    "country_code": 520,
    "iso_3166_2": "ISO 3166-2:NR",
    "continent": "Oceania",
    "sub_region": "Micronesia",
    "region_code": 9,
    "sub_region_code": 57
  },
  {
    "country": "Nepal",
    "code_2": "NP",
    "code_3": "NPL",
    "country_code": 524,
    "iso_3166_2": "ISO 3166-2:NP",
    "continent": "Asia",
    "sub_region": "Southern Asia",
    "region_code": 142,
    "sub_region_code": 34
  },
  {
    "country": "Netherlands",
    "code_2": "NL",
    "code_3": "NLD",
    "country_code": 528,
    "iso_3166_2": "ISO 3166-2:NL",
    "continent": "Europe",
    "sub_region": "Western Europe",
    "region_code": 150,
    "sub_region_code": 155
  },
  {
    "country": "New Caledonia",
    "code_2": "NC",
    "code_3": "NCL",
    "country_code": 540,
    "iso_3166_2": "ISO 3166-2:NC",
    "continent": "Oceania",
    "sub_region": "Melanesia",
    "region_code": 9,
    "sub_region_code": 54
  },
  {
    "country": "New Zealand",
    "code_2": "NZ",
    "code_3": "NZL",
    "country_code": 554,
    "iso_3166_2": "ISO 3166-2:NZ",
    "continent": "Oceania",
    "sub_region": "Australia and New Zealand",
    "region_code": 9,
    "sub_region_code": 53
  },
  {
    "country": "Nicaragua",
    "code_2": "NI",
    "code_3": "NIC",
    "country_code": 558,
    "iso_3166_2": "ISO 3166-2:NI",
    "continent": "Americas",
    "sub_region": "Central America",
    "region_code": 19,
    "sub_region_code": 13
  },
  {
    "country": "Niger",
    "code_2": "NE",
    "code_3": "NER",
    "country_code": 562,
    "iso_3166_2": "ISO 3166-2:NE",
    "continent": "Africa",
    "sub_region": "Western Africa",
    "region_code": 2,
    "sub_region_code": 11
  },
  {
    "country": "Nigeria",
    "code_2": "NG",
    "code_3": "NGA",
    "country_code": 566,
    "iso_3166_2": "ISO 3166-2:NG",
    "continent": "Africa",
    "sub_region": "Western Africa",
    "region_code": 2,
    "sub_region_code": 11
  },
  {
    "country": "Niue",
    "code_2": "NU",
    "code_3": "NIU",
    "country_code": 570,
    "iso_3166_2": "ISO 3166-2:NU",
    "continent": "Oceania",
    "sub_region": "Polynesia",
    "region_code": 9,
    "sub_region_code": 61
  },
  {
    "country": "Norfolk Island",
    "code_2": "NF",
    "code_3": "NFK",
    "country_code": 574,
    "iso_3166_2": "ISO 3166-2:NF",
    "continent": "Oceania",
    "sub_region": "Australia and New Zealand",
    "region_code": 9,
    "sub_region_code": 53
  },
  {
    "country": "Northern Mariana Islands",
    "code_2": "MP",
    "code_3": "MNP",
    "country_code": 580,
    "iso_3166_2": "ISO 3166-2:MP",
    "continent": "Oceania",
    "sub_region": "Micronesia",
    "region_code": 9,
    "sub_region_code": 57
  },
  {
    "country": "Norway",
    "code_2": "NO",
    "code_3": "NOR",
    "country_code": 578,
    "iso_3166_2": "ISO 3166-2:NO",
    "continent": "Europe",
    "sub_region": "Northern Europe",
    "region_code": 150,
    "sub_region_code": 154
  },
  {
    "country": "Oman",
    "code_2": "OM",
    "code_3": "OMN",
    "country_code": 512,
    "iso_3166_2": "ISO 3166-2:OM",
    "continent": "Asia",
    "sub_region": "Western Asia",
    "region_code": 142,
    "sub_region_code": 145
  },
  {
    "country": "Pakistan",
    "code_2": "PK",
    "code_3": "PAK",
    "country_code": 586,
    "iso_3166_2": "ISO 3166-2:PK",
    "continent": "Asia",
    "sub_region": "Southern Asia",
    "region_code": 142,
    "sub_region_code": 34
  },
  {
    "country": "Palau",
    "code_2": "PW",
    "code_3": "PLW",
    "country_code": 585,
    "iso_3166_2": "ISO 3166-2:PW",
    "continent": "Oceania",
    "sub_region": "Micronesia",
    "region_code": 9,
    "sub_region_code": 57
  },
  {
    "country": "Palestine, State of",
    "code_2": "PS",
    "code_3": "PSE",
    "country_code": 275,
    "iso_3166_2": "ISO 3166-2:PS",
    "continent": "Asia",
    "sub_region": "Western Asia",
    "region_code": 142,
    "sub_region_code": 145
  },
  {
    "country": "Panama",
    "code_2": "PA",
    "code_3": "PAN",
    "country_code": 591,
    "iso_3166_2": "ISO 3166-2:PA",
    "continent": "Americas",
    "sub_region": "Central America",
    "region_code": 19,
    "sub_region_code": 13
  },
  {
    "country": "Papua New Guinea",
    "code_2": "PG",
    "code_3": "PNG",
    "country_code": 598,
    "iso_3166_2": "ISO 3166-2:PG",
    "continent": "Oceania",
    "sub_region": "Melanesia",
    "region_code": 9,
    "sub_region_code": 54
  },
  {
    "country": "Paraguay",
    "code_2": "PY",
    "code_3": "PRY",
    "country_code": 600,
    "iso_3166_2": "ISO 3166-2:PY",
    "continent": "Americas",
    "sub_region": "South America",
    "region_code": 19,
    "sub_region_code": 5
  },
  {
    "country": "Peru",
    "code_2": "PE",
    "code_3": "PER",
    "country_code": 604,
    "iso_3166_2": "ISO 3166-2:PE",
    "continent": "Americas",
    "sub_region": "South America",
    "region_code": 19,
    "sub_region_code": 5
  },
  {
    "country": "Philippines",
    "code_2": "PH",
    "code_3": "PHL",
    "country_code": 608,
    "iso_3166_2": "ISO 3166-2:PH",
    "continent": "Asia",
    "sub_region": "South-Eastern Asia",
    "region_code": 142,
    "sub_region_code": 35
  },
  {
    "country": "Pitcairn",
    "code_2": "PN",
    "code_3": "PCN",
    "country_code": 612,
    "iso_3166_2": "ISO 3166-2:PN",
    "continent": "Oceania",
    "sub_region": "Polynesia",
    "region_code": 9,
    "sub_region_code": 61
  },
  {
    "country": "Poland",
    "code_2": "PL",
    "code_3": "POL",
    "country_code": 616,
    "iso_3166_2": "ISO 3166-2:PL",
    "continent": "Europe",
    "sub_region": "Eastern Europe",
    "region_code": 150,
    "sub_region_code": 151
  },
  {
    "country": "Portugal",
    "code_2": "PT",
    "code_3": "PRT",
    "country_code": 620,
    "iso_3166_2": "ISO 3166-2:PT",
    "continent": "Europe",
    "sub_region": "Southern Europe",
    "region_code": 150,
    "sub_region_code": 39
  },
  {
    "country": "Puerto Rico",
    "code_2": "PR",
    "code_3": "PRI",
    "country_code": 630,
    "iso_3166_2": "ISO 3166-2:PR",
    "continent": "Americas",
    "sub_region": "Caribbean",
    "region_code": 19,
    "sub_region_code": 29
  },
  {
    "country": "Qatar",
    "code_2": "QA",
    "code_3": "QAT",
    "country_code": 634,
    "iso_3166_2": "ISO 3166-2:QA",
    "continent": "Asia",
    "sub_region": "Western Asia",
    "region_code": 142,
    "sub_region_code": 145
  },
  {
    "country": "R�union",
    "code_2": "RE",
    "code_3": "REU",
    "country_code": 638,
    "iso_3166_2": "ISO 3166-2:RE",
    "continent": "Africa",
    "sub_region": "Eastern Africa",
    "region_code": 2,
    "sub_region_code": 14
  },
  {
    "country": "Romania",
    "code_2": "RO",
    "code_3": "ROU",
    "country_code": 642,
    "iso_3166_2": "ISO 3166-2:RO",
    "continent": "Europe",
    "sub_region": "Eastern Europe",
    "region_code": 150,
    "sub_region_code": 151
  },
  {
    "country": "Russian Federation",
    "code_2": "RU",
    "code_3": "RUS",
    "country_code": 643,
    "iso_3166_2": "ISO 3166-2:RU",
    "continent": "Europe",
    "sub_region": "Eastern Europe",
    "region_code": 150,
    "sub_region_code": 151
  },
  {
    "country": "Rwanda",
    "code_2": "RW",
    "code_3": "RWA",
    "country_code": 646,
    "iso_3166_2": "ISO 3166-2:RW",
    "continent": "Africa",
    "sub_region": "Eastern Africa",
    "region_code": 2,
    "sub_region_code": 14
  },
  {
    "country": "Saint Barth�lemy",
    "code_2": "BL",
    "code_3": "BLM",
    "country_code": 652,
    "iso_3166_2": "ISO 3166-2:BL",
    "continent": "Americas",
    "sub_region": "Caribbean",
    "region_code": 19,
    "sub_region_code": 29
  },
  {
    "country": "Saint Helena, Ascension and Tristan da Cunha",
    "code_2": "SH",
    "code_3": "SHN",
    "country_code": 654,
    "iso_3166_2": "ISO 3166-2:SH",
    "continent": "Africa",
    "sub_region": "Western Africa",
    "region_code": 2,
    "sub_region_code": 11
  },
  {
    "country": "Saint Kitts and Nevis",
    "code_2": "KN",
    "code_3": "KNA",
    "country_code": 659,
    "iso_3166_2": "ISO 3166-2:KN",
    "continent": "Americas",
    "sub_region": "Caribbean",
    "region_code": 19,
    "sub_region_code": 29
  },
  {
    "country": "Saint Lucia",
    "code_2": "LC",
    "code_3": "LCA",
    "country_code": 662,
    "iso_3166_2": "ISO 3166-2:LC",
    "continent": "Americas",
    "sub_region": "Caribbean",
    "region_code": 19,
    "sub_region_code": 29
  },
  {
    "country": "Saint Martin (French part)",
    "code_2": "MF",
    "code_3": "MAF",
    "country_code": 663,
    "iso_3166_2": "ISO 3166-2:MF",
    "continent": "Americas",
    "sub_region": "Caribbean",
    "region_code": 19,
    "sub_region_code": 29
  },
  {
    "country": "Saint Pierre and Miquelon",
    "code_2": "PM",
    "code_3": "SPM",
    "country_code": 666,
    "iso_3166_2": "ISO 3166-2:PM",
    "continent": "Americas",
    "sub_region": "Northern America",
    "region_code": 19,
    "sub_region_code": 21
  },
  {
    "country": "Saint Vincent and the Grenadines",
    "code_2": "VC",
    "code_3": "VCT",
    "country_code": 670,
    "iso_3166_2": "ISO 3166-2:VC",
    "continent": "Americas",
    "sub_region": "Caribbean",
    "region_code": 19,
    "sub_region_code": 29
  },
  {
    "country": "Samoa",
    "code_2": "WS",
    "code_3": "WSM",
    "country_code": 882,
    "iso_3166_2": "ISO 3166-2:WS",
    "continent": "Oceania",
    "sub_region": "Polynesia",
    "region_code": 9,
    "sub_region_code": 61
  },
  {
    "country": "San Marino",
    "code_2": "SM",
    "code_3": "SMR",
    "country_code": 674,
    "iso_3166_2": "ISO 3166-2:SM",
    "continent": "Europe",
    "sub_region": "Southern Europe",
    "region_code": 150,
    "sub_region_code": 39
  },
  {
    "country": "Sao Tome and Principe",
    "code_2": "ST",
    "code_3": "STP",
    "country_code": 678,
    "iso_3166_2": "ISO 3166-2:ST",
    "continent": "Africa",
    "sub_region": "Middle Africa",
    "region_code": 2,
    "sub_region_code": 17
  },
  {
    "country": "Saudi Arabia",
    "code_2": "SA",
    "code_3": "SAU",
    "country_code": 682,
    "iso_3166_2": "ISO 3166-2:SA",
    "continent": "Asia",
    "sub_region": "Western Asia",
    "region_code": 142,
    "sub_region_code": 145
  },
  {
    "country": "Senegal",
    "code_2": "SN",
    "code_3": "SEN",
    "country_code": 686,
    "iso_3166_2": "ISO 3166-2:SN",
    "continent": "Africa",
    "sub_region": "Western Africa",
    "region_code": 2,
    "sub_region_code": 11
  },
  {
    "country": "Serbia",
    "code_2": "RS",
    "code_3": "SRB",
    "country_code": 688,
    "iso_3166_2": "ISO 3166-2:RS",
    "continent": "Europe",
    "sub_region": "Southern Europe",
    "region_code": 150,
    "sub_region_code": 39
  },
  {
    "country": "Seychelles",
    "code_2": "SC",
    "code_3": "SYC",
    "country_code": 690,
    "iso_3166_2": "ISO 3166-2:SC",
    "continent": "Africa",
    "sub_region": "Eastern Africa",
    "region_code": 2,
    "sub_region_code": 14
  },
  {
    "country": "Sierra Leone",
    "code_2": "SL",
    "code_3": "SLE",
    "country_code": 694,
    "iso_3166_2": "ISO 3166-2:SL",
    "continent": "Africa",
    "sub_region": "Western Africa",
    "region_code": 2,
    "sub_region_code": 11
  },
  {
    "country": "Singapore",
    "code_2": "SG",
    "code_3": "SGP",
    "country_code": 702,
    "iso_3166_2": "ISO 3166-2:SG",
    "continent": "Asia",
    "sub_region": "South-Eastern Asia",
    "region_code": 142,
    "sub_region_code": 35
  },
  {
    "country": "Sint Maarten (Dutch part)",
    "code_2": "SX",
    "code_3": "SXM",
    "country_code": 534,
    "iso_3166_2": "ISO 3166-2:SX",
    "continent": "Americas",
    "sub_region": "Caribbean",
    "region_code": 19,
    "sub_region_code": 29
  },
  {
    "country": "Slovakia",
    "code_2": "SK",
    "code_3": "SVK",
    "country_code": 703,
    "iso_3166_2": "ISO 3166-2:SK",
    "continent": "Europe",
    "sub_region": "Eastern Europe",
    "region_code": 150,
    "sub_region_code": 151
  },
  {
    "country": "Slovenia",
    "code_2": "SI",
    "code_3": "SVN",
    "country_code": 705,
    "iso_3166_2": "ISO 3166-2:SI",
    "continent": "Europe",
    "sub_region": "Southern Europe",
    "region_code": 150,
    "sub_region_code": 39
  },
  {
    "country": "Solomon Islands",
    "code_2": "SB",
    "code_3": "SLB",
    "country_code": 90,
    "iso_3166_2": "ISO 3166-2:SB",
    "continent": "Oceania",
    "sub_region": "Melanesia",
    "region_code": 9,
    "sub_region_code": 54
  },
  {
    "country": "Somalia",
    "code_2": "SO",
    "code_3": "SOM",
    "country_code": 706,
    "iso_3166_2": "ISO 3166-2:SO",
    "continent": "Africa",
    "sub_region": "Eastern Africa",
    "region_code": 2,
    "sub_region_code": 14
  },
  {
    "country": "South Africa",
    "code_2": "ZA",
    "code_3": "ZAF",
    "country_code": 710,
    "iso_3166_2": "ISO 3166-2:ZA",
    "continent": "Africa",
    "sub_region": "Southern Africa",
    "region_code": 2,
    "sub_region_code": 18
  },
  {
    "country": "South Georgia and the South Sandwich Islands",
    "code_2": "GS",
    "code_3": "SGS",
    "country_code": 239,
    "iso_3166_2": "ISO 3166-2:GS",
    "continent": "",
    "sub_region": "",
    "region_code": "",
    "sub_region_code": ""
  },
  {
    "country": "South Sudan",
    "code_2": "SS",
    "code_3": "SSD",
    "country_code": 728,
    "iso_3166_2": "ISO 3166-2:SS",
    "continent": "Africa",
    "sub_region": "Eastern Africa",
    "region_code": 2,
    "sub_region_code": 14
  },
  {
    "country": "Spain",
    "code_2": "ES",
    "code_3": "ESP",
    "country_code": 724,
    "iso_3166_2": "ISO 3166-2:ES",
    "continent": "Europe",
    "sub_region": "Southern Europe",
    "region_code": 150,
    "sub_region_code": 39
  },
  {
    "country": "Sri Lanka",
    "code_2": "LK",
    "code_3": "LKA",
    "country_code": 144,
    "iso_3166_2": "ISO 3166-2:LK",
    "continent": "Asia",
    "sub_region": "Southern Asia",
    "region_code": 142,
    "sub_region_code": 34
  },
  {
    "country": "Sudan",
    "code_2": "SD",
    "code_3": "SDN",
    "country_code": 729,
    "iso_3166_2": "ISO 3166-2:SD",
    "continent": "Africa",
    "sub_region": "Northern Africa",
    "region_code": 2,
    "sub_region_code": 15
  },
  {
    "country": "Suriname",
    "code_2": "SR",
    "code_3": "SUR",
    "country_code": 740,
    "iso_3166_2": "ISO 3166-2:SR",
    "continent": "Americas",
    "sub_region": "South America",
    "region_code": 19,
    "sub_region_code": 5
  },
  {
    "country": "Svalbard and Jan Mayen",
    "code_2": "SJ",
    "code_3": "SJM",
    "country_code": 744,
    "iso_3166_2": "ISO 3166-2:SJ",
    "continent": "Europe",
    "sub_region": "Northern Europe",
    "region_code": 150,
    "sub_region_code": 154
  },
  {
    "country": "Swaziland",
    "code_2": "SZ",
    "code_3": "SWZ",
    "country_code": 748,
    "iso_3166_2": "ISO 3166-2:SZ",
    "continent": "Africa",
    "sub_region": "Southern Africa",
    "region_code": 2,
    "sub_region_code": 18
  },
  {
    "country": "Sweden",
    "code_2": "SE",
    "code_3": "SWE",
    "country_code": 752,
    "iso_3166_2": "ISO 3166-2:SE",
    "continent": "Europe",
    "sub_region": "Northern Europe",
    "region_code": 150,
    "sub_region_code": 154
  },
  {
    "country": "Switzerland",
    "code_2": "CH",
    "code_3": "CHE",
    "country_code": 756,
    "iso_3166_2": "ISO 3166-2:CH",
    "continent": "Europe",
    "sub_region": "Western Europe",
    "region_code": 150,
    "sub_region_code": 155
  },
  {
    "country": "Syrian Arab Republic",
    "code_2": "SY",
    "code_3": "SYR",
    "country_code": 760,
    "iso_3166_2": "ISO 3166-2:SY",
    "continent": "Asia",
    "sub_region": "Western Asia",
    "region_code": 142,
    "sub_region_code": 145
  },
  {
    "country": "Taiwan, Province of China",
    "code_2": "TW",
    "code_3": "TWN",
    "country_code": 158,
    "iso_3166_2": "ISO 3166-2:TW",
    "continent": "Asia",
    "sub_region": "Eastern Asia",
    "region_code": 142,
    "sub_region_code": 30
  },
  {
    "country": "Tajikistan",
    "code_2": "TJ",
    "code_3": "TJK",
    "country_code": 762,
    "iso_3166_2": "ISO 3166-2:TJ",
    "continent": "Asia",
    "sub_region": "Central Asia",
    "region_code": 142,
    "sub_region_code": 143
  },
  {
    "country": "Tanzania, United Republic of",
    "code_2": "TZ",
    "code_3": "TZA",
    "country_code": 834,
    "iso_3166_2": "ISO 3166-2:TZ",
    "continent": "Africa",
    "sub_region": "Eastern Africa",
    "region_code": 2,
    "sub_region_code": 14
  },
  {
    "country": "Thailand",
    "code_2": "TH",
    "code_3": "THA",
    "country_code": 764,
    "iso_3166_2": "ISO 3166-2:TH",
    "continent": "Asia",
    "sub_region": "South-Eastern Asia",
    "region_code": 142,
    "sub_region_code": 35
  },
  {
    "country": "Timor-Leste",
    "code_2": "TL",
    "code_3": "TLS",
    "country_code": 626,
    "iso_3166_2": "ISO 3166-2:TL",
    "continent": "Asia",
    "sub_region": "South-Eastern Asia",
    "region_code": 142,
    "sub_region_code": 35
  },
  {
    "country": "Togo",
    "code_2": "TG",
    "code_3": "TGO",
    "country_code": 768,
    "iso_3166_2": "ISO 3166-2:TG",
    "continent": "Africa",
    "sub_region": "Western Africa",
    "region_code": 2,
    "sub_region_code": 11
  },
  {
    "country": "Tokelau",
    "code_2": "TK",
    "code_3": "TKL",
    "country_code": 772,
    "iso_3166_2": "ISO 3166-2:TK",
    "continent": "Oceania",
    "sub_region": "Polynesia",
    "region_code": 9,
    "sub_region_code": 61
  },
  {
    "country": "Tonga",
    "code_2": "TO",
    "code_3": "TON",
    "country_code": 776,
    "iso_3166_2": "ISO 3166-2:TO",
    "continent": "Oceania",
    "sub_region": "Polynesia",
    "region_code": 9,
    "sub_region_code": 61
  },
  {
    "country": "Trinidad and Tobago",
    "code_2": "TT",
    "code_3": "TTO",
    "country_code": 780,
    "iso_3166_2": "ISO 3166-2:TT",
    "continent": "Americas",
    "sub_region": "Caribbean",
    "region_code": 19,
    "sub_region_code": 29
  },
  {
    "country": "Tunisia",
    "code_2": "TN",
    "code_3": "TUN",
    "country_code": 788,
    "iso_3166_2": "ISO 3166-2:TN",
    "continent": "Africa",
    "sub_region": "Northern Africa",
    "region_code": 2,
    "sub_region_code": 15
  },
  {
    "country": "Turkey",
    "code_2": "TR",
    "code_3": "TUR",
    "country_code": 792,
    "iso_3166_2": "ISO 3166-2:TR",
    "continent": "Asia",
    "sub_region": "Western Asia",
    "region_code": 142,
    "sub_region_code": 145
  },
  {
    "country": "Turkmenistan",
    "code_2": "TM",
    "code_3": "TKM",
    "country_code": 795,
    "iso_3166_2": "ISO 3166-2:TM",
    "continent": "Asia",
    "sub_region": "Central Asia",
    "region_code": 142,
    "sub_region_code": 143
  },
  {
    "country": "Turks and Caicos Islands",
    "code_2": "TC",
    "code_3": "TCA",
    "country_code": 796,
    "iso_3166_2": "ISO 3166-2:TC",
    "continent": "Americas",
    "sub_region": "Caribbean",
    "region_code": 19,
    "sub_region_code": 29
  },
  {
    "country": "Tuvalu",
    "code_2": "TV",
    "code_3": "TUV",
    "country_code": 798,
    "iso_3166_2": "ISO 3166-2:TV",
    "continent": "Oceania",
    "sub_region": "Polynesia",
    "region_code": 9,
    "sub_region_code": 61
  },
  {
    "country": "Uganda",
    "code_2": "UG",
    "code_3": "UGA",
    "country_code": 800,
    "iso_3166_2": "ISO 3166-2:UG",
    "continent": "Africa",
    "sub_region": "Eastern Africa",
    "region_code": 2,
    "sub_region_code": 14
  },
  {
    "country": "Ukraine",
    "code_2": "UA",
    "code_3": "UKR",
    "country_code": 804,
    "iso_3166_2": "ISO 3166-2:UA",
    "continent": "Europe",
    "sub_region": "Eastern Europe",
    "region_code": 150,
    "sub_region_code": 151
  },
  {
    "country": "United Arab Emirates",
    "code_2": "AE",
    "code_3": "ARE",
    "country_code": 784,
    "iso_3166_2": "ISO 3166-2:AE",
    "continent": "Asia",
    "sub_region": "Western Asia",
    "region_code": 142,
    "sub_region_code": 145
  },
  {
    "country": "United Kingdom of Great Britain and Northern Ireland",
    "code_2": "GB",
    "code_3": "GBR",
    "country_code": 826,
    "iso_3166_2": "ISO 3166-2:GB",
    "continent": "Europe",
    "sub_region": "Northern Europe",
    "region_code": 150,
    "sub_region_code": 154
  },
  {
    "country": "United States of America",
    "code_2": "US",
    "code_3": "USA",
    "country_code": 840,
    "iso_3166_2": "ISO 3166-2:US",
    "continent": "Americas",
    "sub_region": "Northern America",
    "region_code": 19,
    "sub_region_code": 21
  },
  {
    "country": "United States Minor Outlying Islands",
    "code_2": "UM",
    "code_3": "UMI",
    "country_code": 581,
    "iso_3166_2": "ISO 3166-2:UM",
    "continent": "",
    "sub_region": "",
    "region_code": "",
    "sub_region_code": ""
  },
  {
    "country": "Uruguay",
    "code_2": "UY",
    "code_3": "URY",
    "country_code": 858,
    "iso_3166_2": "ISO 3166-2:UY",
    "continent": "Americas",
    "sub_region": "South America",
    "region_code": 19,
    "sub_region_code": 5
  },
  {
    "country": "Uzbekistan",
    "code_2": "UZ",
    "code_3": "UZB",
    "country_code": 860,
    "iso_3166_2": "ISO 3166-2:UZ",
    "continent": "Asia",
    "sub_region": "Central Asia",
    "region_code": 142,
    "sub_region_code": 143
  },
  {
    "country": "Vanuatu",
    "code_2": "VU",
    "code_3": "VUT",
    "country_code": 548,
    "iso_3166_2": "ISO 3166-2:VU",
    "continent": "Oceania",
    "sub_region": "Melanesia",
    "region_code": 9,
    "sub_region_code": 54
  },
  {
    "country": "Venezuela (Bolivarian Republic of)",
    "code_2": "VE",
    "code_3": "VEN",
    "country_code": 862,
    "iso_3166_2": "ISO 3166-2:VE",
    "continent": "Americas",
    "sub_region": "South America",
    "region_code": 19,
    "sub_region_code": 5
  },
  {
    "country": "Viet Nam",
    "code_2": "VN",
    "code_3": "VNM",
    "country_code": 704,
    "iso_3166_2": "ISO 3166-2:VN",
    "continent": "Asia",
    "sub_region": "South-Eastern Asia",
    "region_code": 142,
    "sub_region_code": 35
  },
  {
    "country": "Virgin Islands (British)",
    "code_2": "VG",
    "code_3": "VGB",
    "country_code": 92,
    "iso_3166_2": "ISO 3166-2:VG",
    "continent": "Americas",
    "sub_region": "Caribbean",
    "region_code": 19,
    "sub_region_code": 29
  },
  {
    "country": "Virgin Islands (U.S.)",
    "code_2": "VI",
    "code_3": "VIR",
    "country_code": 850,
    "iso_3166_2": "ISO 3166-2:VI",
    "continent": "Americas",
    "sub_region": "Caribbean",
    "region_code": 19,
    "sub_region_code": 29
  },
  {
    "country": "Wallis and Futuna",
    "code_2": "WF",
    "code_3": "WLF",
    "country_code": 876,
    "iso_3166_2": "ISO 3166-2:WF",
    "continent": "Oceania",
    "sub_region": "Polynesia",
    "region_code": 9,
    "sub_region_code": 61
  },
  {
    "country": "Western Sahara",
    "code_2": "EH",
    "code_3": "ESH",
    "country_code": 732,
    "iso_3166_2": "ISO 3166-2:EH",
    "continent": "Africa",
    "sub_region": "Northern Africa",
    "region_code": 2,
    "sub_region_code": 15
  },
  {
    "country": "Yemen",
    "code_2": "YE",
    "code_3": "YEM",
    "country_code": 887,
    "iso_3166_2": "ISO 3166-2:YE",
    "continent": "Asia",
    "sub_region": "Western Asia",
    "region_code": 142,
    "sub_region_code": 145
  },
  {
    "country": "Zambia",
    "code_2": "ZM",
    "code_3": "ZMB",
    "country_code": 894,
    "iso_3166_2": "ISO 3166-2:ZM",
    "continent": "Africa",
    "sub_region": "Eastern Africa",
    "region_code": 2,
    "sub_region_code": 14
  },
  {
    "country": "Zimbabwe",
    "code_2": "ZW",
    "code_3": "ZWE",
    "country_code": 716,
    "iso_3166_2": "ISO 3166-2:ZW",
    "continent": "Africa",
    "sub_region": "Eastern Africa",
    "region_code": 2,
    "sub_region_code": 14
  }
]